{
  "timestamp": "2025-05-28T22:56:11.554061",
  "method": "fixed_k_5",
  "k": 5,
  "total_tokens": 10000,
  "num_layers": 12,
  "layer_results": {
    "0": {
      "k": 5,
      "silhouette_score": 0.023413149639964104,
      "cluster_sizes": {
        "0": 2193,
        "1": 1994,
        "2": 1777,
        "3": 1482,
        "4": 2554
      },
      "inertia": 5912207.0,
      "time_seconds": 16.002466
    },
    "1": {
      "k": 5,
      "silhouette_score": 0.04161965847015381,
      "cluster_sizes": {
        "0": 1958,
        "1": 1720,
        "2": 921,
        "3": 3244,
        "4": 2157
      },
      "inertia": 4476372.5,
      "time_seconds": 11.382832
    },
    "2": {
      "k": 5,
      "silhouette_score": 0.07633531838655472,
      "cluster_sizes": {
        "0": 1447,
        "1": 2468,
        "2": 1975,
        "3": 3079,
        "4": 1031
      },
      "inertia": 4178229.0,
      "time_seconds": 11.501529
    },
    "3": {
      "k": 5,
      "silhouette_score": 0.10117553174495697,
      "cluster_sizes": {
        "0": 2817,
        "1": 692,
        "2": 1363,
        "3": 2092,
        "4": 3036
      },
      "inertia": 4253706.0,
      "time_seconds": 11.030428
    },
    "4": {
      "k": 5,
      "silhouette_score": 0.11974620074033737,
      "cluster_sizes": {
        "0": 3029,
        "1": 1388,
        "2": 2855,
        "3": 2061,
        "4": 667
      },
      "inertia": 4294310.0,
      "time_seconds": 11.071007
    },
    "5": {
      "k": 5,
      "silhouette_score": 0.13809369504451752,
      "cluster_sizes": {
        "0": 2866,
        "1": 1395,
        "2": 666,
        "3": 2058,
        "4": 3015
      },
      "inertia": 4342567.0,
      "time_seconds": 12.0898
    },
    "6": {
      "k": 5,
      "silhouette_score": 0.14057236909866333,
      "cluster_sizes": {
        "0": 1394,
        "1": 2086,
        "2": 669,
        "3": 3017,
        "4": 2834
      },
      "inertia": 4382760.0,
      "time_seconds": 12.895047
    },
    "7": {
      "k": 5,
      "silhouette_score": 0.1450224071741104,
      "cluster_sizes": {
        "0": 3024,
        "1": 2835,
        "2": 2081,
        "3": 669,
        "4": 1391
      },
      "inertia": 4449638.0,
      "time_seconds": 10.911639
    },
    "8": {
      "k": 5,
      "silhouette_score": 0.152056023478508,
      "cluster_sizes": {
        "0": 2935,
        "1": 1967,
        "2": 1448,
        "3": 619,
        "4": 3031
      },
      "inertia": 4516007.0,
      "time_seconds": 11.037269
    },
    "9": {
      "k": 5,
      "silhouette_score": 0.1500566601753235,
      "cluster_sizes": {
        "0": 2960,
        "1": 1462,
        "2": 612,
        "3": 3031,
        "4": 1935
      },
      "inertia": 4641172.5,
      "time_seconds": 11.826101
    },
    "10": {
      "k": 5,
      "silhouette_score": 0.15202614665031433,
      "cluster_sizes": {
        "0": 2968,
        "1": 1457,
        "2": 603,
        "3": 3037,
        "4": 1935
      },
      "inertia": 4876988.5,
      "time_seconds": 12.170193
    },
    "11": {
      "k": 5,
      "silhouette_score": 0.21213150024414062,
      "cluster_sizes": {
        "0": 1738,
        "1": 3016,
        "2": 1579,
        "3": 1085,
        "4": 2582
      },
      "inertia": 341949.6875,
      "time_seconds": 12.107689
    }
  }
}