{
  "k": 10,
  "num_tokens": 10000,
  "num_layers": 12,
  "generated_at": "2025-05-29T01:02:09.760406",
  "method": "kmeans_proper",
  "silhouette_scores": {
    "layer_0": 0.018449895083904266,
    "layer_1": 0.04538008198142052,
    "layer_2": 0.04472130909562111,
    "layer_3": 0.064695805311203,
    "layer_4": 0.06444297730922699,
    "layer_5": 0.07375875115394592,
    "layer_6": 0.07759015262126923,
    "layer_7": 0.0686124935746193,
    "layer_8": 0.07067421823740005,
    "layer_9": 0.06810277700424194,
    "layer_10": 0.07060212641954422,
    "layer_11": 0.15351401269435883
  }
}